{"100": [19.800434350967407, 19.227116346359253, 19.22737431526184], "99": [27.31021022796631, 27.450865268707275, 27.43618655204773], "90": [27.527319192886353, 27.42813014984131, 27.461113214492798], "75": [25.480242490768433, 25.417125463485718, 25.43988609313965], "50": [24.46873927116394, 24.623631954193115, 24.434430360794067], "25": [22.328277111053467, 22.379250049591064, 22.332772731781006], "10": [21.514819383621216, 21.466891050338745, 21.572184324264526], "1": [19.644691705703735, 19.579893112182617, 19.542816877365112]}