{"100": [23.12270498275757, 21.71632146835327, 21.926045894622803], "99": [28.324073791503906, 28.53703022003174, 29.026862859725952], "90": [28.91356635093689, 29.079766273498535, 28.625145435333252], "75": [27.537005186080933, 27.041255712509155, 27.57228422164917], "50": [25.9790620803833, 25.977858781814575, 25.870935678482056], "25": [23.608539581298828, 24.652150630950928, 23.888202905654907], "10": [23.631399631500244, 24.735999584197998, 23.63611936569214], "1": [21.503340482711792, 21.090308666229248, 21.19670009613037]}