{"100": [23.05870509147644, 23.246171712875366, 22.93413496017456], "99": [23.119276762008667, 22.982850551605225, 23.057549715042114], "90": [22.973313331604004, 23.5112943649292, 23.303480625152588], "75": [15.530651092529297, 15.597570657730103, 15.738921880722046], "50": [12.382617950439453, 12.385385274887085, 12.169214248657227], "25": [8.858091831207275, 8.889269590377808, 9.034543752670288], "10": [7.944873332977295, 8.079291820526123, 8.061880350112915], "1": [7.008745431900024, 7.0269105434417725, 6.681956768035889]}