{"100": [19.734865188598633, 19.335715532302856, 19.24750828742981], "99": [27.58686065673828, 27.45095658302307, 27.523390769958496], "90": [27.489750862121582, 27.601803064346313, 27.62940812110901], "75": [25.603551626205444, 25.708115100860596, 25.50071668624878], "50": [24.963828563690186, 24.871934175491333, 24.71121573448181], "25": [22.545454025268555, 22.647319078445435, 22.53387713432312], "10": [21.671407222747803, 21.461017370224, 21.488008499145508], "1": [19.51731777191162, 19.59269428253174, 19.517436027526855]}