{"100": [24.51874876022339, 24.284191370010376, 24.542601585388184], "99": [27.2387478351593, 27.202370405197144, 27.381483554840088], "90": [27.369800329208374, 27.245729684829712, 27.035773992538452], "75": [22.339560747146606, 22.095940113067627, 22.062984943389893], "50": [19.916749000549316, 19.743225812911987, 19.905511617660522], "25": [15.3240327835083, 15.362455606460571, 15.252509832382202], "10": [14.250164270401001, 14.021732091903687, 14.151888847351074], "1": [12.330680847167969, 12.296895265579224, 12.39628005027771]}