{"100": [23.011011362075806, 22.868170976638794, 22.705923557281494], "99": [23.498281002044678, 23.164977312088013, 22.88440728187561], "90": [23.090693473815918, 22.988420486450195, 22.890233516693115], "75": [16.20798397064209, 15.594253778457642, 15.61049509048462], "50": [12.173811435699463, 12.163784742355347, 12.273421049118042], "25": [8.144828796386719, 8.118067502975464, 8.17882776260376], "10": [7.418985843658447, 7.554337024688721, 7.331434965133667], "1": [6.516363143920898, 6.39292049407959, 6.503008127212524]}