{"100": [23.090840339660645, 23.224844455718994, 22.874348402023315], "99": [23.683457136154175, 22.700478553771973, 22.814847946166992], "90": [22.67043685913086, 22.764200687408447, 22.54069495201111], "75": [15.759385585784912, 15.828672647476196, 15.34249234199524], "50": [11.97981595993042, 11.980697870254517, 12.112306118011475], "25": [5.132314682006836, 5.207044363021851, 5.042090177536011], "10": [4.399583101272583, 4.401079893112183, 4.355600833892822], "1": [3.9030516147613525, 3.862574815750122, 3.867253303527832]}