{"100": [24.937191247940063, 24.721192121505737, 24.67058253288269], "99": [28.319666862487793, 28.12788724899292, 28.556703329086304], "90": [27.779503107070923, 28.076765298843384, 28.25341510772705], "75": [23.124950647354126, 22.855740070343018, 22.996588706970215], "50": [21.097162008285522, 20.70336127281189, 20.767555952072144], "25": [15.925395250320435, 15.95768666267395, 15.9247465133667], "10": [14.920708894729614, 14.644071578979492, 14.562011957168579], "1": [12.773634910583496, 12.755573034286499, 12.807785272598267]}