{"100": [47.59914994239807, 47.68327307701111, 47.818257331848145], "99": [56.61720013618469, 56.61768817901611, 56.460514068603516], "90": [56.656476974487305, 56.87449812889099, 57.05317258834839], "75": [54.85327386856079, 54.92427968978882, 54.922755002975464], "50": [53.98948645591736, 54.28644919395447, 54.40047311782837], "25": [51.339815855026245, 51.124940156936646, 50.98943018913269], "10": [50.17176389694214, 50.185243129730225, 50.259002685546875], "1": [47.98270130157471, 48.28919315338135, 47.95081663131714]}