{"100": [42.78622508049011, 41.877277851104736, 41.66268038749695], "99": [49.4084529876709, 49.34477233886719, 49.372368574142456], "90": [49.305095911026, 49.26638436317444, 49.36720848083496], "75": [41.09077739715576, 40.816890716552734, 40.72060251235962], "50": [37.106788635253906, 37.35599446296692, 36.9491331577301], "25": [28.75730609893799, 28.839881896972656, 28.75072407722473], "10": [26.730931758880615, 26.7061984539032, 26.80038857460022], "1": [23.325277090072632, 23.122042179107666, 23.209975719451904]}