{"100": [20.37008810043335, 20.37008810043335, 21.936979293823242], "99": [28.16853904724121, 28.396968364715576, 28.257333040237427], "90": [28.238778352737427, 28.44154667854309, 28.08710765838623], "75": [26.639230489730835, 27.01217746734619, 26.60431718826294], "50": [26.075804710388184, 26.014357805252075, 25.83171582221985], "25": [23.51617169380188, 23.68821144104004, 23.81439971923828], "10": [23.313169956207275, 23.32989525794983, 22.888080596923828], "1": [20.96904492378235, 21.298047304153442, 21.446207523345947]}