{"100": [28.72770071029663, 31.942800045013428, 32.45327615737915], "99": [41.220234632492065, 41.078853368759155, 41.43935966491699], "90": [41.214110136032104, 41.022669315338135, 39.57378792762756], "75": [40.37205410003662, 39.93856143951416, 39.61545181274414], "50": [39.42899179458618, 39.181397914886475, 39.70708394050598], "25": [37.33068585395813, 34.68620848655701, 35.85546541213989], "10": [34.17464089393616, 35.47958278656006, 35.05598258972168], "1": [33.10887336730957, 32.745444536209106, 32.941213607788086]}