{"100": [19.603633642196655, 19.268012285232544, 19.384479999542236], "99": [27.435039520263672, 27.482827186584473, 27.40003728866577], "90": [27.55576777458191, 27.564154624938965, 27.524911165237427], "75": [25.525633096694946, 25.60436201095581, 25.465200662612915], "50": [24.613734245300293, 24.619972229003906, 24.707885026931763], "25": [22.469696283340454, 22.528029680252075, 22.455915212631226], "10": [21.65644359588623, 21.652039051055908, 21.542855262756348], "1": [19.52715039253235, 19.72463822364807, 19.601500272750854]}