{"100": [79.31429481506348, 79.3843994140625, 79.25436854362488], "99": [93.59938859939575, 93.88749527931213, 95.10263466835022], "90": [93.90389490127563, 93.13384485244751, 93.65684390068054], "75": [78.27893090248108, 78.45781922340393, 78.39947247505188], "50": [71.03755855560303, 70.71769094467163, 71.49138140678406], "25": [56.62550401687622, 56.39766526222229, 56.134474754333496], "10": [51.71653151512146, 51.821991205215454, 51.80766248703003], "1": [45.16834783554077, 45.38465714454651, 45.40589737892151]}