{"100": [28.17679476737976, 27.94693160057068, 27.64254903793335], "99": [34.019877910614014, 34.107094049453735, 34.033854246139526], "90": [34.15466833114624, 33.98267889022827, 34.16852569580078], "75": [32.651707887649536, 32.51602363586426, 32.63517904281616], "50": [31.608931064605713, 31.62959933280945, 31.633299112319946], "25": [30.248539447784424, 30.02768898010254, 29.63723134994507], "10": [29.134231567382812, 29.34727644920349, 29.398276805877686], "1": [28.051728010177612, 28.28838872909546, 28.169214248657227]}