{"100": [24.67386221885681, 24.845218181610107, 24.823604583740234], "99": [27.666181325912476, 27.685603857040405, 27.772437810897827], "90": [27.227277040481567, 27.42507791519165, 27.378228664398193], "75": [22.289762258529663, 22.28495168685913, 22.21804451942444], "50": [20.092149257659912, 20.23796582221985, 20.047385215759277], "25": [15.438966274261475, 15.293030500411987, 15.503445148468018], "10": [14.361732006072998, 14.187851190567017, 13.95683240890503], "1": [12.314810514450073, 12.318707704544067, 12.426401376724243]}