{"100": [27.467225790023804, 27.254222869873047, 27.187034845352173], "99": [33.627623319625854, 33.81161618232727, 33.57162427902222], "90": [33.74300479888916, 33.58870339393616, 33.58276653289795], "75": [32.30898475646973, 32.2938494682312, 32.19929075241089], "50": [31.507174730300903, 31.485831260681152, 31.616596460342407], "25": [29.89686942100525, 29.577229976654053, 29.91369342803955], "10": [29.046766757965088, 29.14990758895874, 28.899673223495483], "1": [27.526255130767822, 27.779735326766968, 27.498114585876465]}