{"100": [43.14151072502136, 42.95593881607056, 43.2096905708313], "99": [50.47871780395508, 50.89023947715759, 50.584232568740845], "90": [50.122411489486694, 50.33232927322388, 50.28226399421692], "75": [41.34374761581421, 41.494873046875, 41.345377922058105], "50": [37.54801297187805, 37.54708957672119, 37.97941541671753], "25": [29.4235098361969, 29.673643589019775, 29.688395738601685], "10": [27.567538261413574, 27.428590297698975, 27.50323987007141], "1": [23.680049657821655, 23.93101692199707, 23.789026737213135]}